Wed Dec  8 01:14:54 EST 2021,single-node-resnet101-cifar10-epochs1-batchsize64-job-0,job_config_single-node-resnet101-cifar10-epochs1-batchsize64.yaml,2
Wed Dec  8 01:14:56 EST 2021,inference-vgg13-cat1-job-0,job_config_inference-vgg13-cat1.yaml,2
Wed Dec  8 01:14:58 EST 2021,inference-resnet34-tigershark2-job-0,job_config_inference-resnet34-tigershark2.yaml,0
Wed Dec  8 01:14:58 EST 2021,inference-resnet18-hen3-job-0,job_config_inference-resnet18-hen3.yaml,5
Wed Dec  8 01:15:03 EST 2021,single-node-resnet101-cifar10-epochs1-batchsize16-job-0,job_config_single-node-resnet101-cifar10-epochs1-batchsize16.yaml,1
Wed Dec  8 01:15:04 EST 2021,inference-resnet50-goose3-job-0,job_config_inference-resnet50-goose3.yaml,5
Wed Dec  8 01:15:11 EST 2021,inference-resnet18-tigershark4-job-0,job_config_inference-resnet18-tigershark4.yaml,1
Wed Dec  8 01:15:12 EST 2021,single-node-vgg16-cifar10-epochs1-batchsize64-job-0,job_config_single-node-vgg16-cifar10-epochs1-batchsize64.yaml,4
Wed Dec  8 01:15:16 EST 2021,inference-densenet121-snail1-job-0,job_config_inference-densenet121-snail1.yaml,4
Wed Dec  8 01:15:20 EST 2021,inference-vgg11-hen3-job-0,job_config_inference-vgg11-hen3.yaml,5
Wed Dec  8 01:15:25 EST 2021,inference-resnet152-cat2-job-0,job_config_inference-resnet152-cat2.yaml,3
Wed Dec  8 01:15:28 EST 2021,inference-resnet152-cat1-job-0,job_config_inference-resnet152-cat1.yaml,4
Wed Dec  8 01:15:32 EST 2021,inference-resnet152-dog5-job-0,job_config_inference-resnet152-dog5.yaml,1
Wed Dec  8 01:15:33 EST 2021,inference-densenet121-hen4-job-0,job_config_inference-densenet121-hen4.yaml,1
Wed Dec  8 01:15:34 EST 2021,inference-resnet101-snail1-job-0,job_config_inference-resnet101-snail1.yaml,4
Wed Dec  8 01:15:38 EST 2021,inference-densenet201-tigershark1-job-0,job_config_inference-densenet201-tigershark1.yaml,0
Wed Dec  8 01:15:38 EST 2021,inference-resnet50-cat2-job-0,job_config_inference-resnet50-cat2.yaml,3
Wed Dec  8 01:15:41 EST 2021,inference-resnet50-goose4-job-0,job_config_inference-resnet50-goose4.yaml,3
Wed Dec  8 01:15:44 EST 2021,inference-resnet18-snail3-job-0,job_config_inference-resnet18-snail3.yaml,4
Wed Dec  8 01:15:48 EST 2021,inference-resnet18-dog5-job-0,job_config_inference-resnet18-dog5.yaml,3
Wed Dec  8 01:15:51 EST 2021,inference-densenet169-cat2-job-0,job_config_inference-densenet169-cat2.yaml,3
Wed Dec  8 01:15:54 EST 2021,inference-resnet152-hen4-job-0,job_config_inference-resnet152-hen4.yaml,1
Wed Dec  8 01:15:55 EST 2021,single-node-resnet34-cifar10-epochs1-batchsize8-job-0,job_config_single-node-resnet34-cifar10-epochs1-batchsize8.yaml,0
Wed Dec  8 01:15:55 EST 2021,inference-vgg19-cat1-job-0,job_config_inference-vgg19-cat1.yaml,1
Wed Dec  8 01:15:56 EST 2021,inference-vgg13-cat4-job-0,job_config_inference-vgg13-cat4.yaml,1
Wed Dec  8 01:15:57 EST 2021,inference-vgg11-cat2-job-0,job_config_inference-vgg11-cat2.yaml,0
Wed Dec  8 01:15:58 EST 2021,inference-resnet50-dog5-job-0,job_config_inference-resnet50-dog5.yaml,5
Wed Dec  8 01:16:04 EST 2021,inference-resnet152-tigershark1-job-0,job_config_inference-resnet152-tigershark1.yaml,2
Wed Dec  8 01:16:06 EST 2021,inference-densenet201-dog3-job-0,job_config_inference-densenet201-dog3.yaml,5
Wed Dec  8 01:16:11 EST 2021,inference-densenet201-cat4-job-0,job_config_inference-densenet201-cat4.yaml,4
Wed Dec  8 01:16:17 EST 2021,inference-resnet152-dog4-job-0,job_config_inference-resnet152-dog4.yaml,1
Wed Dec  8 01:16:18 EST 2021,inference-resnet152-goose4-job-0,job_config_inference-resnet152-goose4.yaml,1
Wed Dec  8 01:16:19 EST 2021,inference-densenet121-tigershark2-job-0,job_config_inference-densenet121-tigershark2.yaml,2
Wed Dec  8 01:16:21 EST 2021,inference-vgg11-goose5-job-0,job_config_inference-vgg11-goose5.yaml,3
Wed Dec  8 01:16:24 EST 2021,inference-densenet201-tigershark2-job-0,job_config_inference-densenet201-tigershark2.yaml,5
Wed Dec  8 01:16:29 EST 2021,single-node-densenet121-cifar10-epochs1-batchsize64-job-0,job_config_single-node-densenet121-cifar10-epochs1-batchsize64.yaml,5
Wed Dec  8 01:16:34 EST 2021,inference-densenet201-tigershark4-job-0,job_config_inference-densenet201-tigershark4.yaml,4
Wed Dec  8 01:16:38 EST 2021,inference-densenet201-snail4-job-0,job_config_inference-densenet201-snail4.yaml,3
Wed Dec  8 01:16:41 EST 2021,single-node-resnet152-cifar10-epochs1-batchsize32-job-0,job_config_single-node-resnet152-cifar10-epochs1-batchsize32.yaml,2
Wed Dec  8 01:16:43 EST 2021,inference-vgg13-dog3-job-0,job_config_inference-vgg13-dog3.yaml,3
Wed Dec  8 01:16:46 EST 2021,inference-resnet34-goose5-job-0,job_config_inference-resnet34-goose5.yaml,4
Wed Dec  8 01:16:50 EST 2021,inference-resnet50-goose2-job-0,job_config_inference-resnet50-goose2.yaml,2
Wed Dec  8 01:16:52 EST 2021,inference-densenet121-goose2-job-0,job_config_inference-densenet121-goose2.yaml,1
Wed Dec  8 01:16:53 EST 2021,single-node-vgg19-cifar10-epochs1-batchsize16-job-0,job_config_single-node-vgg19-cifar10-epochs1-batchsize16.yaml,2
Wed Dec  8 01:16:56 EST 2021,inference-densenet169-goose4-job-0,job_config_inference-densenet169-goose4.yaml,4
Wed Dec  8 01:17:00 EST 2021,inference-resnet50-hen2-job-0,job_config_inference-resnet50-hen2.yaml,0
Wed Dec  8 01:17:00 EST 2021,inference-resnet18-goose4-job-0,job_config_inference-resnet18-goose4.yaml,2
Wed Dec  8 01:17:07 EST 2021,inference-resnet101-goose1-job-0,job_config_inference-resnet101-goose1.yaml,0
Wed Dec  8 01:17:07 EST 2021,inference-vgg16-cat2-job-0,job_config_inference-vgg16-cat2.yaml,3
Wed Dec  8 01:17:10 EST 2021,inference-densenet121-cat3-job-0,job_config_inference-densenet121-cat3.yaml,1
Wed Dec  8 01:17:11 EST 2021,inference-vgg13-tigershark4-job-0,job_config_inference-vgg13-tigershark4.yaml,0
Wed Dec  8 01:17:11 EST 2021,inference-densenet169-tigershark3-job-0,job_config_inference-densenet169-tigershark3.yaml,1
Wed Dec  8 01:17:13 EST 2021,inference-vgg16-goose3-job-0,job_config_inference-vgg16-goose3.yaml,2
Wed Dec  8 01:17:15 EST 2021,inference-densenet201-dog1-job-0,job_config_inference-densenet201-dog1.yaml,5
Wed Dec  8 01:17:20 EST 2021,inference-resnet18-snail1-job-0,job_config_inference-resnet18-snail1.yaml,1
Wed Dec  8 01:17:21 EST 2021,inference-resnet34-goose1-job-0,job_config_inference-resnet34-goose1.yaml,0
Wed Dec  8 01:17:21 EST 2021,inference-resnet101-goose5-job-0,job_config_inference-resnet101-goose5.yaml,0
Wed Dec  8 01:17:21 EST 2021,single-node-resnet18-cifar10-epochs1-batchsize16-job-0,job_config_single-node-resnet18-cifar10-epochs1-batchsize16.yaml,4
Wed Dec  8 01:17:25 EST 2021,inference-resnet101-goose2-job-0,job_config_inference-resnet101-goose2.yaml,2
Wed Dec  8 01:17:27 EST 2021,inference-vgg16-cat1-job-0,job_config_inference-vgg16-cat1.yaml,4
Wed Dec  8 01:17:35 EST 2021,inference-resnet34-tigershark4-job-0,job_config_inference-resnet34-tigershark4.yaml,5
Wed Dec  8 01:17:40 EST 2021,inference-resnet101-cat1-job-0,job_config_inference-resnet101-cat1.yaml,5
Wed Dec  8 01:17:45 EST 2021,inference-vgg16-hen2-job-0,job_config_inference-vgg16-hen2.yaml,3
Wed Dec  8 01:17:48 EST 2021,inference-densenet201-dog4-job-0,job_config_inference-densenet201-dog4.yaml,3
Wed Dec  8 01:17:54 EST 2021,inference-vgg19-goose4-job-0,job_config_inference-vgg19-goose4.yaml,3
Wed Dec  8 01:17:58 EST 2021,inference-resnet18-dog3-job-0,job_config_inference-resnet18-dog3.yaml,2
Wed Dec  8 01:18:00 EST 2021,single-node-densenet201-cifar10-epochs1-batchsize16-job-0,job_config_single-node-densenet201-cifar10-epochs1-batchsize16.yaml,1
Wed Dec  8 01:18:01 EST 2021,single-node-vgg16-cifar10-epochs1-batchsize32-job-0,job_config_single-node-vgg16-cifar10-epochs1-batchsize32.yaml,1
Wed Dec  8 01:18:02 EST 2021,inference-resnet152-dog3-job-0,job_config_inference-resnet152-dog3.yaml,3
Wed Dec  8 01:18:05 EST 2021,inference-vgg13-hen1-job-0,job_config_inference-vgg13-hen1.yaml,3
Wed Dec  8 01:18:08 EST 2021,inference-resnet18-cat1-job-0,job_config_inference-resnet18-cat1.yaml,1
Wed Dec  8 01:18:10 EST 2021,single-node-densenet201-cifar10-epochs1-batchsize8-job-0,job_config_single-node-densenet201-cifar10-epochs1-batchsize8.yaml,0
Wed Dec  8 01:18:10 EST 2021,inference-resnet101-goose4-job-0,job_config_inference-resnet101-goose4.yaml,5
Wed Dec  8 01:18:15 EST 2021,inference-resnet34-dog3-job-0,job_config_inference-resnet34-dog3.yaml,1
Wed Dec  8 01:18:16 EST 2021,inference-vgg16-hen1-job-0,job_config_inference-vgg16-hen1.yaml,4
Wed Dec  8 01:18:20 EST 2021,inference-resnet50-hen1-job-0,job_config_inference-resnet50-hen1.yaml,3
Wed Dec  8 01:18:24 EST 2021,inference-densenet121-goose4-job-0,job_config_inference-densenet121-goose4.yaml,0
Wed Dec  8 01:18:24 EST 2021,inference-densenet121-tigershark1-job-0,job_config_inference-densenet121-tigershark1.yaml,1
Wed Dec  8 01:18:25 EST 2021,inference-resnet18-snail4-job-0,job_config_inference-resnet18-snail4.yaml,0
Wed Dec  8 01:18:25 EST 2021,inference-vgg11-dog3-job-0,job_config_inference-vgg11-dog3.yaml,1
Wed Dec  8 01:18:26 EST 2021,inference-resnet50-hen4-job-0,job_config_inference-resnet50-hen4.yaml,0
Wed Dec  8 01:18:26 EST 2021,inference-resnet34-cat4-job-0,job_config_inference-resnet34-cat4.yaml,4
Wed Dec  8 01:18:31 EST 2021,inference-vgg11-snail2-job-0,job_config_inference-vgg11-snail2.yaml,4
Wed Dec  8 01:18:35 EST 2021,inference-vgg16-dog2-job-0,job_config_inference-vgg16-dog2.yaml,5
Wed Dec  8 01:18:40 EST 2021,single-node-vgg16-cifar10-epochs1-batchsize8-job-0,job_config_single-node-vgg16-cifar10-epochs1-batchsize8.yaml,2
Wed Dec  8 01:18:42 EST 2021,inference-vgg16-goose4-job-0,job_config_inference-vgg16-goose4.yaml,4
Wed Dec  8 01:18:47 EST 2021,single-node-resnet50-cifar10-epochs1-batchsize32-job-0,job_config_single-node-resnet50-cifar10-epochs1-batchsize32.yaml,5
Wed Dec  8 01:18:52 EST 2021,inference-resnet101-cat4-job-0,job_config_inference-resnet101-cat4.yaml,1
Wed Dec  8 01:18:53 EST 2021,inference-densenet121-tigershark4-job-0,job_config_inference-densenet121-tigershark4.yaml,1
Wed Dec  8 01:18:54 EST 2021,inference-resnet101-dog1-job-0,job_config_inference-resnet101-dog1.yaml,0
Wed Dec  8 01:18:54 EST 2021,inference-densenet169-dog5-job-0,job_config_inference-densenet169-dog5.yaml,4
Wed Dec  8 01:18:59 EST 2021,inference-resnet18-dog2-job-0,job_config_inference-resnet18-dog2.yaml,4
Wed Dec  8 01:19:03 EST 2021,inference-vgg11-cat1-job-0,job_config_inference-vgg11-cat1.yaml,5
Wed Dec  8 01:19:08 EST 2021,inference-vgg13-hen4-job-0,job_config_inference-vgg13-hen4.yaml,1
Wed Dec  8 01:19:10 EST 2021,inference-vgg19-hen4-job-0,job_config_inference-vgg19-hen4.yaml,5
Wed Dec  8 01:19:15 EST 2021,inference-resnet101-cat2-job-0,job_config_inference-resnet101-cat2.yaml,2
Wed Dec  8 01:19:17 EST 2021,inference-resnet152-cat3-job-0,job_config_inference-resnet152-cat3.yaml,0
Wed Dec  8 01:19:17 EST 2021,single-node-densenet121-cifar10-epochs1-batchsize16-job-0,job_config_single-node-densenet121-cifar10-epochs1-batchsize16.yaml,0
Wed Dec  8 01:19:17 EST 2021,inference-vgg13-goose3-job-0,job_config_inference-vgg13-goose3.yaml,5
Wed Dec  8 01:19:23 EST 2021,single-node-resnet152-cifar10-epochs1-batchsize64-job-0,job_config_single-node-resnet152-cifar10-epochs1-batchsize64.yaml,2
Wed Dec  8 01:19:25 EST 2021,inference-densenet201-goose1-job-0,job_config_inference-densenet201-goose1.yaml,0
Wed Dec  8 01:19:25 EST 2021,single-node-densenet169-cifar10-epochs1-batchsize8-job-0,job_config_single-node-densenet169-cifar10-epochs1-batchsize8.yaml,4
Wed Dec  8 01:19:29 EST 2021,inference-resnet101-snail2-job-0,job_config_inference-resnet101-snail2.yaml,0
Wed Dec  8 01:19:29 EST 2021,single-node-densenet121-cifar10-epochs1-batchsize8-job-0,job_config_single-node-densenet121-cifar10-epochs1-batchsize8.yaml,0
Wed Dec  8 01:19:30 EST 2021,inference-resnet34-dog5-job-0,job_config_inference-resnet34-dog5.yaml,5
Wed Dec  8 01:19:35 EST 2021,inference-densenet169-dog4-job-0,job_config_inference-densenet169-dog4.yaml,5
Wed Dec  8 01:19:40 EST 2021,single-node-densenet201-cifar10-epochs1-batchsize64-job-0,job_config_single-node-densenet201-cifar10-epochs1-batchsize64.yaml,4
Wed Dec  8 01:19:45 EST 2021,inference-resnet50-dog3-job-0,job_config_inference-resnet50-dog3.yaml,4
Wed Dec  8 01:19:49 EST 2021,inference-densenet201-hen1-job-0,job_config_inference-densenet201-hen1.yaml,1
Wed Dec  8 01:19:50 EST 2021,inference-vgg19-goose5-job-0,job_config_inference-vgg19-goose5.yaml,4
Wed Dec  8 01:19:54 EST 2021,inference-vgg16-dog5-job-0,job_config_inference-vgg16-dog5.yaml,0
Wed Dec  8 01:19:55 EST 2021,inference-resnet50-hen3-job-0,job_config_inference-resnet50-hen3.yaml,3
Wed Dec  8 01:19:58 EST 2021,inference-vgg13-goose4-job-0,job_config_inference-vgg13-goose4.yaml,0
Wed Dec  8 01:19:58 EST 2021,inference-densenet201-snail3-job-0,job_config_inference-densenet201-snail3.yaml,1
Wed Dec  8 01:19:59 EST 2021,inference-vgg11-tigershark4-job-0,job_config_inference-vgg11-tigershark4.yaml,3
Wed Dec  8 01:20:03 EST 2021,inference-vgg11-tigershark1-job-0,job_config_inference-vgg11-tigershark1.yaml,0
Wed Dec  8 01:20:03 EST 2021,inference-resnet50-snail4-job-0,job_config_inference-resnet50-snail4.yaml,4
Wed Dec  8 01:20:07 EST 2021,inference-resnet152-dog2-job-0,job_config_inference-resnet152-dog2.yaml,3
Wed Dec  8 01:20:11 EST 2021,single-node-resnet152-cifar10-epochs1-batchsize16-job-0,job_config_single-node-resnet152-cifar10-epochs1-batchsize16.yaml,2
Wed Dec  8 01:20:13 EST 2021,inference-vgg19-cat2-job-0,job_config_inference-vgg19-cat2.yaml,4
Wed Dec  8 01:20:17 EST 2021,inference-resnet18-goose3-job-0,job_config_inference-resnet18-goose3.yaml,1
Wed Dec  8 01:20:18 EST 2021,inference-vgg16-cat4-job-0,job_config_inference-vgg16-cat4.yaml,2
Wed Dec  8 01:20:21 EST 2021,inference-vgg11-tigershark2-job-0,job_config_inference-vgg11-tigershark2.yaml,0
Wed Dec  8 01:20:21 EST 2021,inference-densenet169-goose5-job-0,job_config_inference-densenet169-goose5.yaml,5
Wed Dec  8 01:20:26 EST 2021,inference-resnet101-cat3-job-0,job_config_inference-resnet101-cat3.yaml,5
Wed Dec  8 01:20:32 EST 2021,single-node-resnet18-cifar10-epochs1-batchsize8-job-0,job_config_single-node-resnet18-cifar10-epochs1-batchsize8.yaml,0
Wed Dec  8 01:20:32 EST 2021,single-node-densenet169-cifar10-epochs1-batchsize16-job-0,job_config_single-node-densenet169-cifar10-epochs1-batchsize16.yaml,5
Wed Dec  8 01:20:37 EST 2021,inference-vgg13-dog4-job-0,job_config_inference-vgg13-dog4.yaml,3
Wed Dec  8 01:20:41 EST 2021,inference-resnet34-snail1-job-0,job_config_inference-resnet34-snail1.yaml,3
Wed Dec  8 01:20:44 EST 2021,single-node-vgg16-cifar10-epochs1-batchsize16-job-0,job_config_single-node-vgg16-cifar10-epochs1-batchsize16.yaml,5
Wed Dec  8 01:20:49 EST 2021,inference-resnet34-cat2-job-0,job_config_inference-resnet34-cat2.yaml,2
Wed Dec  8 01:20:52 EST 2021,inference-densenet169-goose3-job-0,job_config_inference-densenet169-goose3.yaml,1
Wed Dec  8 01:20:53 EST 2021,inference-resnet50-cat3-job-0,job_config_inference-resnet50-cat3.yaml,1
Wed Dec  8 01:20:54 EST 2021,inference-vgg13-dog2-job-0,job_config_inference-vgg13-dog2.yaml,4
Wed Dec  8 01:20:59 EST 2021,inference-resnet18-tigershark1-job-0,job_config_inference-resnet18-tigershark1.yaml,4
Wed Dec  8 01:21:03 EST 2021,inference-resnet152-hen1-job-0,job_config_inference-resnet152-hen1.yaml,3
Wed Dec  8 01:21:06 EST 2021,inference-densenet169-goose2-job-0,job_config_inference-densenet169-goose2.yaml,2
Wed Dec  8 01:21:09 EST 2021,inference-resnet34-dog2-job-0,job_config_inference-resnet34-dog2.yaml,3
Wed Dec  8 01:21:14 EST 2021,inference-densenet201-snail1-job-0,job_config_inference-densenet201-snail1.yaml,1
Wed Dec  8 01:21:16 EST 2021,inference-resnet18-tigershark3-job-0,job_config_inference-resnet18-tigershark3.yaml,0
Wed Dec  8 01:21:16 EST 2021,inference-resnet101-hen1-job-0,job_config_inference-resnet101-hen1.yaml,0
Wed Dec  8 01:21:16 EST 2021,inference-densenet121-cat4-job-0,job_config_inference-densenet121-cat4.yaml,5
Wed Dec  8 01:21:22 EST 2021,inference-resnet18-tigershark2-job-0,job_config_inference-resnet18-tigershark2.yaml,2
Wed Dec  8 01:21:24 EST 2021,single-node-resnet152-cifar10-epochs1-batchsize8-job-0,job_config_single-node-resnet152-cifar10-epochs1-batchsize8.yaml,2
Wed Dec  8 01:21:26 EST 2021,inference-densenet121-goose3-job-0,job_config_inference-densenet121-goose3.yaml,4
Wed Dec  8 01:21:31 EST 2021,inference-resnet152-snail3-job-0,job_config_inference-resnet152-snail3.yaml,4
Wed Dec  8 01:21:35 EST 2021,inference-resnet101-snail4-job-0,job_config_inference-resnet101-snail4.yaml,2
Wed Dec  8 01:21:37 EST 2021,inference-densenet121-goose1-job-0,job_config_inference-densenet121-goose1.yaml,2
Wed Dec  8 01:21:40 EST 2021,inference-densenet169-tigershark1-job-0,job_config_inference-densenet169-tigershark1.yaml,5
Wed Dec  8 01:21:45 EST 2021,inference-densenet121-dog1-job-0,job_config_inference-densenet121-dog1.yaml,4
Wed Dec  8 01:21:49 EST 2021,inference-resnet152-tigershark2-job-0,job_config_inference-resnet152-tigershark2.yaml,2
Wed Dec  8 01:21:52 EST 2021,inference-vgg16-snail4-job-0,job_config_inference-vgg16-snail4.yaml,4
Wed Dec  8 01:21:56 EST 2021,inference-vgg13-snail1-job-0,job_config_inference-vgg13-snail1.yaml,2
Wed Dec  8 01:21:58 EST 2021,inference-resnet152-goose2-job-0,job_config_inference-resnet152-goose2.yaml,3
Wed Dec  8 01:22:02 EST 2021,inference-densenet201-cat3-job-0,job_config_inference-densenet201-cat3.yaml,5
Wed Dec  8 01:22:07 EST 2021,inference-resnet34-snail4-job-0,job_config_inference-resnet34-snail4.yaml,0
Wed Dec  8 01:22:08 EST 2021,inference-densenet169-tigershark2-job-0,job_config_inference-densenet169-tigershark2.yaml,0
Wed Dec  8 01:22:08 EST 2021,inference-densenet201-goose4-job-0,job_config_inference-densenet201-goose4.yaml,2
Wed Dec  8 01:22:16 EST 2021,inference-resnet152-tigershark4-job-0,job_config_inference-resnet152-tigershark4.yaml,5
Wed Dec  8 01:22:21 EST 2021,inference-densenet201-hen4-job-0,job_config_inference-densenet201-hen4.yaml,4
Wed Dec  8 01:22:26 EST 2021,inference-vgg19-dog1-job-0,job_config_inference-vgg19-dog1.yaml,4
Wed Dec  8 01:22:30 EST 2021,inference-vgg19-hen3-job-0,job_config_inference-vgg19-hen3.yaml,1
Wed Dec  8 01:22:31 EST 2021,single-node-densenet121-cifar10-epochs1-batchsize32-job-0,job_config_single-node-densenet121-cifar10-epochs1-batchsize32.yaml,1
Wed Dec  8 01:22:33 EST 2021,inference-vgg19-dog2-job-0,job_config_inference-vgg19-dog2.yaml,3
Wed Dec  8 01:22:39 EST 2021,inference-vgg11-goose4-job-0,job_config_inference-vgg11-goose4.yaml,2
Wed Dec  8 01:22:41 EST 2021,inference-resnet152-tigershark3-job-0,job_config_inference-resnet152-tigershark3.yaml,5
Wed Dec  8 01:22:46 EST 2021,inference-densenet121-dog2-job-0,job_config_inference-densenet121-dog2.yaml,5
Wed Dec  8 01:22:51 EST 2021,inference-vgg19-tigershark3-job-0,job_config_inference-vgg19-tigershark3.yaml,5
Wed Dec  8 01:22:57 EST 2021,inference-resnet152-goose3-job-0,job_config_inference-resnet152-goose3.yaml,3
Wed Dec  8 01:23:00 EST 2021,inference-densenet201-dog2-job-0,job_config_inference-densenet201-dog2.yaml,3
Wed Dec  8 01:23:04 EST 2021,inference-resnet18-hen2-job-0,job_config_inference-resnet18-hen2.yaml,3
Wed Dec  8 01:23:07 EST 2021,inference-resnet50-dog1-job-0,job_config_inference-resnet50-dog1.yaml,2
Wed Dec  8 01:23:09 EST 2021,inference-vgg13-tigershark1-job-0,job_config_inference-vgg13-tigershark1.yaml,2
Wed Dec  8 01:23:11 EST 2021,inference-densenet121-dog3-job-0,job_config_inference-densenet121-dog3.yaml,3
Wed Dec  8 01:23:15 EST 2021,inference-resnet152-goose1-job-0,job_config_inference-resnet152-goose1.yaml,0
Wed Dec  8 01:23:18 EST 2021,inference-vgg11-cat3-job-0,job_config_inference-vgg11-cat3.yaml,5
Wed Dec  8 01:23:24 EST 2021,inference-resnet101-hen2-job-0,job_config_inference-resnet101-hen2.yaml,4
Wed Dec  8 01:23:30 EST 2021,inference-resnet50-tigershark4-job-0,job_config_inference-resnet50-tigershark4.yaml,5
Wed Dec  8 01:23:36 EST 2021,inference-resnet50-tigershark1-job-0,job_config_inference-resnet50-tigershark1.yaml,2
Wed Dec  8 01:23:38 EST 2021,inference-resnet50-dog4-job-0,job_config_inference-resnet50-dog4.yaml,5
Wed Dec  8 01:23:44 EST 2021,inference-densenet121-goose5-job-0,job_config_inference-densenet121-goose5.yaml,4
Wed Dec  8 01:23:48 EST 2021,inference-resnet18-goose1-job-0,job_config_inference-resnet18-goose1.yaml,4
Wed Dec  8 01:23:57 EST 2021,inference-vgg11-cat4-job-0,job_config_inference-vgg11-cat4.yaml,5
Wed Dec  8 01:24:02 EST 2021,single-node-vgg11-cifar10-epochs1-batchsize16-job-0,job_config_single-node-vgg11-cifar10-epochs1-batchsize16.yaml,0
Wed Dec  8 01:24:02 EST 2021,inference-vgg13-dog1-job-0,job_config_inference-vgg13-dog1.yaml,0
Wed Dec  8 01:24:03 EST 2021,inference-vgg13-hen2-job-0,job_config_inference-vgg13-hen2.yaml,1
Wed Dec  8 01:24:04 EST 2021,inference-resnet34-dog4-job-0,job_config_inference-resnet34-dog4.yaml,5
Wed Dec  8 01:24:10 EST 2021,inference-resnet50-tigershark2-job-0,job_config_inference-resnet50-tigershark2.yaml,0
Wed Dec  8 01:24:10 EST 2021,inference-densenet121-tigershark3-job-0,job_config_inference-densenet121-tigershark3.yaml,0
Wed Dec  8 01:24:10 EST 2021,single-node-densenet169-cifar10-epochs1-batchsize32-job-0,job_config_single-node-densenet169-cifar10-epochs1-batchsize32.yaml,3
Wed Dec  8 01:24:14 EST 2021,inference-resnet101-tigershark2-job-0,job_config_inference-resnet101-tigershark2.yaml,0
Wed Dec  8 01:24:14 EST 2021,inference-densenet121-dog5-job-0,job_config_inference-densenet121-dog5.yaml,3
Wed Dec  8 01:24:20 EST 2021,inference-vgg13-snail2-job-0,job_config_inference-vgg13-snail2.yaml,0
Wed Dec  8 01:24:20 EST 2021,inference-vgg11-dog5-job-0,job_config_inference-vgg11-dog5.yaml,1
Wed Dec  8 01:24:22 EST 2021,inference-resnet101-snail3-job-0,job_config_inference-resnet101-snail3.yaml,1
Wed Dec  8 01:24:23 EST 2021,inference-vgg19-snail2-job-0,job_config_inference-vgg19-snail2.yaml,0
Wed Dec  8 01:24:24 EST 2021,inference-resnet18-goose2-job-0,job_config_inference-resnet18-goose2.yaml,5
Wed Dec  8 01:24:29 EST 2021,inference-densenet121-hen2-job-0,job_config_inference-densenet121-hen2.yaml,1
Wed Dec  8 01:24:30 EST 2021,inference-resnet101-tigershark3-job-0,job_config_inference-resnet101-tigershark3.yaml,0
Wed Dec  8 01:24:31 EST 2021,inference-vgg19-cat4-job-0,job_config_inference-vgg19-cat4.yaml,4
Wed Dec  8 01:24:35 EST 2021,single-node-vgg11-cifar10-epochs1-batchsize32-job-0,job_config_single-node-vgg11-cifar10-epochs1-batchsize32.yaml,5
Wed Dec  8 01:24:41 EST 2021,inference-densenet169-snail1-job-0,job_config_inference-densenet169-snail1.yaml,0
Wed Dec  8 01:24:41 EST 2021,inference-vgg19-hen1-job-0,job_config_inference-vgg19-hen1.yaml,3
Wed Dec  8 01:24:44 EST 2021,inference-resnet18-dog1-job-0,job_config_inference-resnet18-dog1.yaml,4
Wed Dec  8 01:24:49 EST 2021,inference-resnet50-goose1-job-0,job_config_inference-resnet50-goose1.yaml,0
Wed Dec  8 01:24:49 EST 2021,inference-vgg19-tigershark1-job-0,job_config_inference-vgg19-tigershark1.yaml,0
Wed Dec  8 01:24:50 EST 2021,inference-densenet169-cat3-job-0,job_config_inference-densenet169-cat3.yaml,4
Wed Dec  8 01:25:04 EST 2021,inference-vgg16-tigershark2-job-0,job_config_inference-vgg16-tigershark2.yaml,3
Wed Dec  8 01:25:07 EST 2021,inference-vgg11-snail4-job-0,job_config_inference-vgg11-snail4.yaml,1
Wed Dec  8 01:25:09 EST 2021,inference-vgg19-tigershark4-job-0,job_config_inference-vgg19-tigershark4.yaml,4
Wed Dec  8 01:25:13 EST 2021,inference-vgg19-dog4-job-0,job_config_inference-vgg19-dog4.yaml,3
Wed Dec  8 01:25:17 EST 2021,inference-vgg16-dog1-job-0,job_config_inference-vgg16-dog1.yaml,1
Wed Dec  8 01:25:18 EST 2021,inference-vgg19-goose2-job-0,job_config_inference-vgg19-goose2.yaml,4
Wed Dec  8 01:25:22 EST 2021,inference-vgg19-goose1-job-0,job_config_inference-vgg19-goose1.yaml,2
Wed Dec  8 01:25:25 EST 2021,inference-vgg16-tigershark1-job-0,job_config_inference-vgg16-tigershark1.yaml,1
Wed Dec  8 01:25:26 EST 2021,inference-resnet18-cat2-job-0,job_config_inference-resnet18-cat2.yaml,4
Wed Dec  8 01:25:31 EST 2021,inference-vgg11-hen1-job-0,job_config_inference-vgg11-hen1.yaml,3
Wed Dec  8 01:25:34 EST 2021,inference-vgg11-snail3-job-0,job_config_inference-vgg11-snail3.yaml,0
Wed Dec  8 01:25:35 EST 2021,inference-vgg16-snail3-job-0,job_config_inference-vgg16-snail3.yaml,5
Wed Dec  8 01:25:40 EST 2021,inference-resnet50-cat4-job-0,job_config_inference-resnet50-cat4.yaml,5
Wed Dec  8 01:25:45 EST 2021,inference-densenet121-cat2-job-0,job_config_inference-densenet121-cat2.yaml,2
Wed Dec  8 01:25:48 EST 2021,inference-densenet201-goose5-job-0,job_config_inference-densenet201-goose5.yaml,3
Wed Dec  8 01:25:51 EST 2021,single-node-resnet101-cifar10-epochs1-batchsize32-job-0,job_config_single-node-resnet101-cifar10-epochs1-batchsize32.yaml,3
Wed Dec  8 01:25:55 EST 2021,inference-densenet201-goose3-job-0,job_config_inference-densenet201-goose3.yaml,1
Wed Dec  8 01:25:56 EST 2021,inference-resnet152-hen3-job-0,job_config_inference-resnet152-hen3.yaml,2
Wed Dec  8 01:25:59 EST 2021,single-node-vgg19-cifar10-epochs1-batchsize64-job-0,job_config_single-node-vgg19-cifar10-epochs1-batchsize64.yaml,5
Wed Dec  8 01:26:04 EST 2021,inference-resnet18-cat3-job-0,job_config_inference-resnet18-cat3.yaml,1
Wed Dec  8 01:26:05 EST 2021,inference-resnet18-snail2-job-0,job_config_inference-resnet18-snail2.yaml,3
Wed Dec  8 01:26:09 EST 2021,inference-vgg11-dog2-job-0,job_config_inference-vgg11-dog2.yaml,2
Wed Dec  8 01:26:11 EST 2021,single-node-resnet34-cifar10-epochs1-batchsize64-job-0,job_config_single-node-resnet34-cifar10-epochs1-batchsize64.yaml,4
Wed Dec  8 01:26:16 EST 2021,inference-densenet169-snail4-job-0,job_config_inference-densenet169-snail4.yaml,5
Wed Dec  8 01:26:29 EST 2021,inference-vgg11-snail1-job-0,job_config_inference-vgg11-snail1.yaml,1
Wed Dec  8 01:26:30 EST 2021,inference-vgg16-dog3-job-0,job_config_inference-vgg16-dog3.yaml,2
Wed Dec  8 01:26:33 EST 2021,inference-resnet34-cat3-job-0,job_config_inference-resnet34-cat3.yaml,3
Wed Dec  8 01:26:36 EST 2021,single-node-resnet50-cifar10-epochs1-batchsize16-job-0,job_config_single-node-resnet50-cifar10-epochs1-batchsize16.yaml,0
Wed Dec  8 01:26:37 EST 2021,single-node-vgg13-cifar10-epochs1-batchsize8-job-0,job_config_single-node-vgg13-cifar10-epochs1-batchsize8.yaml,5
Wed Dec  8 01:26:42 EST 2021,inference-vgg19-hen2-job-0,job_config_inference-vgg19-hen2.yaml,0
Wed Dec  8 01:26:43 EST 2021,inference-densenet169-snail3-job-0,job_config_inference-densenet169-snail3.yaml,0
Wed Dec  8 01:26:44 EST 2021,inference-densenet169-goose1-job-0,job_config_inference-densenet169-goose1.yaml,0
Wed Dec  8 01:26:44 EST 2021,inference-vgg11-goose2-job-0,job_config_inference-vgg11-goose2.yaml,5
Wed Dec  8 01:26:50 EST 2021,inference-vgg13-cat2-job-0,job_config_inference-vgg13-cat2.yaml,5
Wed Dec  8 01:26:55 EST 2021,inference-vgg11-dog4-job-0,job_config_inference-vgg11-dog4.yaml,5
Wed Dec  8 01:27:01 EST 2021,inference-vgg16-hen4-job-0,job_config_inference-vgg16-hen4.yaml,5
Wed Dec  8 01:27:06 EST 2021,inference-densenet121-hen3-job-0,job_config_inference-densenet121-hen3.yaml,5
Wed Dec  8 01:27:12 EST 2021,inference-vgg19-cat3-job-0,job_config_inference-vgg19-cat3.yaml,3
Wed Dec  8 01:27:15 EST 2021,inference-resnet50-snail2-job-0,job_config_inference-resnet50-snail2.yaml,0
Wed Dec  8 01:27:16 EST 2021,inference-resnet34-hen4-job-0,job_config_inference-resnet34-hen4.yaml,1
Wed Dec  8 01:27:17 EST 2021,inference-resnet50-tigershark3-job-0,job_config_inference-resnet50-tigershark3.yaml,1
Wed Dec  8 01:27:18 EST 2021,inference-densenet169-hen4-job-0,job_config_inference-densenet169-hen4.yaml,2
Wed Dec  8 01:27:21 EST 2021,inference-vgg19-dog5-job-0,job_config_inference-vgg19-dog5.yaml,4
Wed Dec  8 01:27:30 EST 2021,inference-densenet201-hen3-job-0,job_config_inference-densenet201-hen3.yaml,3
Wed Dec  8 01:27:38 EST 2021,inference-densenet201-snail2-job-0,job_config_inference-densenet201-snail2.yaml,4
Wed Dec  8 01:27:43 EST 2021,single-node-vgg11-cifar10-epochs1-batchsize8-job-0,job_config_single-node-vgg11-cifar10-epochs1-batchsize8.yaml,1
Wed Dec  8 01:27:44 EST 2021,inference-resnet152-snail1-job-0,job_config_inference-resnet152-snail1.yaml,2
Wed Dec  8 01:27:52 EST 2021,inference-vgg11-goose3-job-0,job_config_inference-vgg11-goose3.yaml,1
Wed Dec  8 01:27:54 EST 2021,inference-densenet169-tigershark4-job-0,job_config_inference-densenet169-tigershark4.yaml,2
Wed Dec  8 01:27:56 EST 2021,inference-vgg16-goose2-job-0,job_config_inference-vgg16-goose2.yaml,5
Wed Dec  8 01:28:02 EST 2021,inference-resnet34-dog1-job-0,job_config_inference-resnet34-dog1.yaml,1
Wed Dec  8 01:28:03 EST 2021,inference-resnet50-dog2-job-0,job_config_inference-resnet50-dog2.yaml,3
Wed Dec  8 01:28:07 EST 2021,inference-densenet121-snail3-job-0,job_config_inference-densenet121-snail3.yaml,1
Wed Dec  8 01:28:08 EST 2021,inference-densenet201-hen2-job-0,job_config_inference-densenet201-hen2.yaml,2
Wed Dec  8 01:28:11 EST 2021,single-node-resnet101-cifar10-epochs1-batchsize8-job-0,job_config_single-node-resnet101-cifar10-epochs1-batchsize8.yaml,5
Wed Dec  8 01:28:16 EST 2021,inference-resnet152-cat4-job-0,job_config_inference-resnet152-cat4.yaml,3
Wed Dec  8 01:28:20 EST 2021,inference-resnet18-cat4-job-0,job_config_inference-resnet18-cat4.yaml,2
Wed Dec  8 01:28:22 EST 2021,inference-vgg19-snail4-job-0,job_config_inference-vgg19-snail4.yaml,4
Wed Dec  8 01:28:27 EST 2021,inference-resnet101-dog2-job-0,job_config_inference-resnet101-dog2.yaml,0
Wed Dec  8 01:28:27 EST 2021,inference-resnet152-dog1-job-0,job_config_inference-resnet152-dog1.yaml,5
Wed Dec  8 01:28:33 EST 2021,inference-vgg13-snail3-job-0,job_config_inference-vgg13-snail3.yaml,0
Wed Dec  8 01:28:33 EST 2021,inference-densenet201-tigershark3-job-0,job_config_inference-densenet201-tigershark3.yaml,5
Wed Dec  8 01:28:39 EST 2021,inference-densenet169-hen1-job-0,job_config_inference-densenet169-hen1.yaml,4
Wed Dec  8 01:28:43 EST 2021,inference-densenet169-hen2-job-0,job_config_inference-densenet169-hen2.yaml,0
Wed Dec  8 01:28:44 EST 2021,inference-resnet101-tigershark4-job-0,job_config_inference-resnet101-tigershark4.yaml,1
Wed Dec  8 01:28:45 EST 2021,inference-vgg19-snail3-job-0,job_config_inference-vgg19-snail3.yaml,2
Wed Dec  8 01:28:48 EST 2021,inference-vgg16-tigershark3-job-0,job_config_inference-vgg16-tigershark3.yaml,1
Wed Dec  8 01:28:49 EST 2021,single-node-vgg13-cifar10-epochs1-batchsize64-job-0,job_config_single-node-vgg13-cifar10-epochs1-batchsize64.yaml,5
Wed Dec  8 01:28:55 EST 2021,inference-resnet34-hen3-job-0,job_config_inference-resnet34-hen3.yaml,4
Wed Dec  8 01:29:00 EST 2021,inference-vgg13-cat3-job-0,job_config_inference-vgg13-cat3.yaml,2
Wed Dec  8 01:29:02 EST 2021,inference-resnet101-hen3-job-0,job_config_inference-resnet101-hen3.yaml,2
Wed Dec  8 01:29:05 EST 2021,inference-resnet34-goose3-job-0,job_config_inference-resnet34-goose3.yaml,4
Wed Dec  8 01:29:09 EST 2021,inference-resnet152-snail4-job-0,job_config_inference-resnet152-snail4.yaml,3
Wed Dec  8 01:29:13 EST 2021,inference-densenet169-snail2-job-0,job_config_inference-densenet169-snail2.yaml,0
Wed Dec  8 01:29:13 EST 2021,inference-vgg19-dog3-job-0,job_config_inference-vgg19-dog3.yaml,0
Wed Dec  8 01:29:14 EST 2021,inference-densenet169-dog3-job-0,job_config_inference-densenet169-dog3.yaml,0
Wed Dec  8 01:29:15 EST 2021,inference-densenet169-dog1-job-0,job_config_inference-densenet169-dog1.yaml,3
Wed Dec  8 01:29:18 EST 2021,single-node-resnet34-cifar10-epochs1-batchsize32-job-0,job_config_single-node-resnet34-cifar10-epochs1-batchsize32.yaml,5
Wed Dec  8 01:29:24 EST 2021,inference-resnet18-hen4-job-0,job_config_inference-resnet18-hen4.yaml,4
Wed Dec  8 01:29:28 EST 2021,inference-vgg19-tigershark2-job-0,job_config_inference-vgg19-tigershark2.yaml,0
Wed Dec  8 01:29:29 EST 2021,inference-resnet50-goose5-job-0,job_config_inference-resnet50-goose5.yaml,0
Wed Dec  8 01:29:29 EST 2021,inference-vgg11-goose1-job-0,job_config_inference-vgg11-goose1.yaml,4
Wed Dec  8 01:29:34 EST 2021,inference-resnet18-dog4-job-0,job_config_inference-resnet18-dog4.yaml,5
Wed Dec  8 01:29:40 EST 2021,inference-densenet169-hen3-job-0,job_config_inference-densenet169-hen3.yaml,3
Wed Dec  8 01:29:43 EST 2021,inference-resnet18-hen1-job-0,job_config_inference-resnet18-hen1.yaml,0
Wed Dec  8 01:29:44 EST 2021,inference-resnet152-goose5-job-0,job_config_inference-resnet152-goose5.yaml,4
Wed Dec  8 01:29:48 EST 2021,inference-resnet50-snail1-job-0,job_config_inference-resnet50-snail1.yaml,2
Wed Dec  8 01:29:51 EST 2021,inference-vgg16-snail1-job-0,job_config_inference-vgg16-snail1.yaml,0
Wed Dec  8 01:29:51 EST 2021,single-node-vgg13-cifar10-epochs1-batchsize32-job-0,job_config_single-node-vgg13-cifar10-epochs1-batchsize32.yaml,2
Wed Dec  8 01:29:54 EST 2021,inference-densenet169-cat1-job-0,job_config_inference-densenet169-cat1.yaml,3
Wed Dec  8 01:29:57 EST 2021,inference-densenet201-goose2-job-0,job_config_inference-densenet201-goose2.yaml,3
Wed Dec  8 01:30:01 EST 2021,inference-resnet18-goose5-job-0,job_config_inference-resnet18-goose5.yaml,2
Wed Dec  8 01:30:03 EST 2021,single-node-resnet50-cifar10-epochs1-batchsize8-job-0,job_config_single-node-resnet50-cifar10-epochs1-batchsize8.yaml,5
Wed Dec  8 01:30:09 EST 2021,inference-resnet101-goose3-job-0,job_config_inference-resnet101-goose3.yaml,4
Wed Dec  8 01:30:14 EST 2021,inference-densenet121-snail2-job-0,job_config_inference-densenet121-snail2.yaml,4
Wed Dec  8 01:30:18 EST 2021,inference-vgg19-snail1-job-0,job_config_inference-vgg19-snail1.yaml,5
Wed Dec  8 01:30:24 EST 2021,inference-resnet50-snail3-job-0,job_config_inference-resnet50-snail3.yaml,5
Wed Dec  8 01:30:29 EST 2021,inference-vgg16-cat3-job-0,job_config_inference-vgg16-cat3.yaml,2
Wed Dec  8 01:30:32 EST 2021,inference-resnet34-hen2-job-0,job_config_inference-resnet34-hen2.yaml,0
Wed Dec  8 01:30:32 EST 2021,inference-vgg16-tigershark4-job-0,job_config_inference-vgg16-tigershark4.yaml,5
Wed Dec  8 01:30:38 EST 2021,inference-resnet50-cat1-job-0,job_config_inference-resnet50-cat1.yaml,4
Wed Dec  8 01:30:43 EST 2021,inference-densenet201-dog5-job-0,job_config_inference-densenet201-dog5.yaml,3
Wed Dec  8 01:30:46 EST 2021,single-node-vgg19-cifar10-epochs1-batchsize8-job-0,job_config_single-node-vgg19-cifar10-epochs1-batchsize8.yaml,3
Wed Dec  8 01:30:50 EST 2021,inference-vgg16-goose1-job-0,job_config_inference-vgg16-goose1.yaml,1
Wed Dec  8 01:30:52 EST 2021,inference-resnet34-tigershark1-job-0,job_config_inference-resnet34-tigershark1.yaml,3
Wed Dec  8 01:30:55 EST 2021,inference-vgg13-hen3-job-0,job_config_inference-vgg13-hen3.yaml,5
Wed Dec  8 01:31:01 EST 2021,single-node-densenet169-cifar10-epochs1-batchsize64-job-0,job_config_single-node-densenet169-cifar10-epochs1-batchsize64.yaml,3
Wed Dec  8 01:31:04 EST 2021,inference-vgg16-snail2-job-0,job_config_inference-vgg16-snail2.yaml,5
Wed Dec  8 01:31:10 EST 2021,single-node-resnet18-cifar10-epochs1-batchsize64-job-0,job_config_single-node-resnet18-cifar10-epochs1-batchsize64.yaml,3
Wed Dec  8 01:31:15 EST 2021,inference-densenet121-dog4-job-0,job_config_inference-densenet121-dog4.yaml,0
Wed Dec  8 01:31:15 EST 2021,inference-resnet101-dog5-job-0,job_config_inference-resnet101-dog5.yaml,5
Wed Dec  8 01:31:21 EST 2021,inference-resnet101-tigershark1-job-0,job_config_inference-resnet101-tigershark1.yaml,3
Wed Dec  8 01:31:25 EST 2021,inference-vgg13-tigershark3-job-0,job_config_inference-vgg13-tigershark3.yaml,1
Wed Dec  8 01:31:26 EST 2021,single-node-vgg13-cifar10-epochs1-batchsize16-job-0,job_config_single-node-vgg13-cifar10-epochs1-batchsize16.yaml,0
Wed Dec  8 01:31:27 EST 2021,inference-vgg16-hen3-job-0,job_config_inference-vgg16-hen3.yaml,0
Wed Dec  8 01:31:28 EST 2021,inference-vgg16-dog4-job-0,job_config_inference-vgg16-dog4.yaml,0
Wed Dec  8 01:31:28 EST 2021,inference-resnet101-hen4-job-0,job_config_inference-resnet101-hen4.yaml,1
Wed Dec  8 01:31:30 EST 2021,inference-vgg16-goose5-job-0,job_config_inference-vgg16-goose5.yaml,5
Wed Dec  8 01:31:35 EST 2021,inference-densenet169-dog2-job-0,job_config_inference-densenet169-dog2.yaml,1
Wed Dec  8 01:31:37 EST 2021,inference-vgg19-goose3-job-0,job_config_inference-vgg19-goose3.yaml,0
Wed Dec  8 01:31:38 EST 2021,inference-vgg11-hen2-job-0,job_config_inference-vgg11-hen2.yaml,0
Wed Dec  8 01:31:38 EST 2021,inference-resnet34-hen1-job-0,job_config_inference-resnet34-hen1.yaml,1
Wed Dec  8 01:31:40 EST 2021,inference-densenet201-cat2-job-0,job_config_inference-densenet201-cat2.yaml,1
Wed Dec  8 01:31:41 EST 2021,single-node-resnet50-cifar10-epochs1-batchsize64-job-0,job_config_single-node-resnet50-cifar10-epochs1-batchsize64.yaml,5
Wed Dec  8 01:31:47 EST 2021,inference-resnet34-goose2-job-0,job_config_inference-resnet34-goose2.yaml,2
Wed Dec  8 01:31:50 EST 2021,inference-densenet121-snail4-job-0,job_config_inference-densenet121-snail4.yaml,1
Wed Dec  8 01:31:56 EST 2021,inference-resnet101-dog4-job-0,job_config_inference-resnet101-dog4.yaml,5
Wed Dec  8 01:32:01 EST 2021,inference-densenet201-cat1-job-0,job_config_inference-densenet201-cat1.yaml,0
Wed Dec  8 01:32:02 EST 2021,single-node-vgg19-cifar10-epochs1-batchsize32-job-0,job_config_single-node-vgg19-cifar10-epochs1-batchsize32.yaml,1
Wed Dec  8 01:32:04 EST 2021,inference-resnet152-hen2-job-0,job_config_inference-resnet152-hen2.yaml,0
Wed Dec  8 01:32:05 EST 2021,inference-vgg13-goose5-job-0,job_config_inference-vgg13-goose5.yaml,2
Wed Dec  8 01:32:07 EST 2021,single-node-densenet201-cifar10-epochs1-batchsize32-job-0,job_config_single-node-densenet201-cifar10-epochs1-batchsize32.yaml,4
Wed Dec  8 01:32:12 EST 2021,inference-vgg13-goose2-job-0,job_config_inference-vgg13-goose2.yaml,2
Wed Dec  8 01:32:14 EST 2021,inference-vgg13-tigershark2-job-0,job_config_inference-vgg13-tigershark2.yaml,5
Wed Dec  8 01:32:20 EST 2021,inference-vgg13-goose1-job-0,job_config_inference-vgg13-goose1.yaml,2
Wed Dec  8 01:32:23 EST 2021,inference-densenet121-cat1-job-0,job_config_inference-densenet121-cat1.yaml,1
Wed Dec  8 01:32:24 EST 2021,inference-densenet121-hen1-job-0,job_config_inference-densenet121-hen1.yaml,2
Wed Dec  8 01:32:27 EST 2021,inference-densenet169-cat4-job-0,job_config_inference-densenet169-cat4.yaml,1
Wed Dec  8 01:32:28 EST 2021,single-node-vgg11-cifar10-epochs1-batchsize64-job-0,job_config_single-node-vgg11-cifar10-epochs1-batchsize64.yaml,3
Wed Dec  8 01:32:32 EST 2021,inference-resnet34-tigershark3-job-0,job_config_inference-resnet34-tigershark3.yaml,4
Wed Dec  8 01:32:37 EST 2021,inference-resnet101-dog3-job-0,job_config_inference-resnet101-dog3.yaml,0
Wed Dec  8 01:32:37 EST 2021,inference-resnet152-snail2-job-0,job_config_inference-resnet152-snail2.yaml,0
Wed Dec  8 01:32:38 EST 2021,inference-vgg13-dog5-job-0,job_config_inference-vgg13-dog5.yaml,2
Wed Dec  8 01:32:41 EST 2021,inference-vgg11-hen4-job-0,job_config_inference-vgg11-hen4.yaml,2
Wed Dec  8 01:32:43 EST 2021,inference-vgg11-dog1-job-0,job_config_inference-vgg11-dog1.yaml,5
Wed Dec  8 01:32:49 EST 2021,inference-vgg11-tigershark3-job-0,job_config_inference-vgg11-tigershark3.yaml,0
Wed Dec  8 01:32:49 EST 2021,single-node-resnet18-cifar10-epochs1-batchsize32-job-0,job_config_single-node-resnet18-cifar10-epochs1-batchsize32.yaml,1
Wed Dec  8 01:32:51 EST 2021,single-node-resnet34-cifar10-epochs1-batchsize16-job-0,job_config_single-node-resnet34-cifar10-epochs1-batchsize16.yaml,4
Wed Dec  8 01:32:56 EST 2021,inference-resnet34-goose4-job-0,job_config_inference-resnet34-goose4.yaml,2
Wed Dec  8 01:32:58 EST 2021,inference-vgg13-snail4-job-0,job_config_inference-vgg13-snail4.yaml,2
Wed Dec  8 01:33:01 EST 2021,inference-resnet34-cat1-job-0,job_config_inference-resnet34-cat1.yaml,5
Wed Dec  8 01:33:07 EST 2021,inference-resnet34-snail2-job-0,job_config_inference-resnet34-snail2.yaml,2
Wed Dec  8 01:33:10 EST 2021,inference-resnet34-snail3-job-0,job_config_inference-resnet34-snail3.yaml,2
